9.890783673,0,3.93827356,4.204482217,5.020874111,5.374410509
12.69297431,1,3.096939413,3.900668617,4.462854708,4.097054231
7.426991536,0,3.48058138,3.93848717,4.149607366,4.596444998
8.460343332,0,1.87228305,2.981512628,4.57188689,4.373842958
11.69301831,1,2.605946538,4.329376598,5.251518856,8.093157961
10.08600147,0,2.500945696,2.627554699,2.897959853,3.329539662
7.796277277,0,2.308103038,2.70687705,3.643606531,3.08392458
10.83216884,0,2.414837578,3.86394711,4.372435972,3.843659143
5.519806897,0,1.563588759,1.814007721,2.804434356,2.533917074
11.93563253,1,4.617675195,4.917795725,4.604060193,5.560882435
12.67267104,0,1.592824189,3.14733718,2.372524156,3.610496833
11.78287414,1,3.384470267,4.299189577,5.682142174,6.115755973
8.279289987,0,2.271071457,2.79333614,4.484504406,4.705474863
13.01471819,1,3.04986637,3.516906736,5.157090192,5.012504428
7.659403333,0,2.228255268,2.58862729,3.193976295,3.204551601
9.808083441,1,2.480853139,4.123585051,5.069583974,4.893967343
12.4173027,1,2.750659637,3.430569161,3.652532592,4.903403007
6.914796579,0,3.023757006,3.370611989,2.145394232,2.971721434
11.44760047,1,3.502836064,4.460244696,4.584740682,5.295822674
6.473143686,0,1.609720026,1.439483793,2.342908519,3.80026074
8.786869681,1,2.213579984,3.549632887,4.396475192,5.642190259
8.220480523,0,2.261346473,2.016923644,2.563255857,2.931428484
10.70808641,0,2.218593719,3.200441664,3.245662537,3.793451113
9.341738398,0,1.935442266,2.339677305,2.750645431,3.064616213
10.21249195,0,2.683729254,2.040566521,3.467848655,3.621478198
9.376912646,0,2.416134928,2.803848629,2.94247995,3.3559374
9.40141457,0,2.718254244,2.695357201,2.843269189,2.726291492
11.17258866,0,2.886264739,3.485054578,4.099023176,6.578207124
7.318884209,0,2.626605613,3.007660589,2.216750776,2.182898126
9.905339163,0,2.132970553,2.519921717,1.832452559,0.845880017
5.327062009,1,3.355077673,3.27097897,3.897786142,4.545374703
10.35597112,0,2.696926462,1.862548319,3.265610711,2.307529746
11.38800909,0,3.047590521,3.751669364,4.570643198,4.27850265
12.29037871,0,3.378021961,3.466652456,3.460802126,5.226433409
8.079261823,0,3.224870048,2.285260872,2.190087574,2.627773873
9.908680483,0,3.206941514,4.086252988,4.40144888,3.349342869
8.814950859,1,4.236942384,3.608746979,5.199027905,5.57593452
7.253374232,0,2.846196135,3.174169537,2.385504002,2.775797567
12.12494837,0,2.729550444,4.107963302,3.123929665,3.637072989
9.032789093,0,2.795722102,3.629483324,4.062248177,3.519678115
7.772557512,0,1.771522672,2.591320516,1.903141821,0.932216452
9.102696359,0,1.864655352,3.157028481,4.556454657,4.164029958
10.04898628,0,2.224242204,3.1521322,2.490118173,2.15751798
8.491104127,0,2.707475213,1.523579292,1.44318954,1.881045365
10.75702342,0,2.889324711,2.857900885,3.177202742,3.2216576
9.642331896,0,2.583158168,3.673703097,4.78424277,3.809939967
10.26774627,0,2.021166395,2.956065,3.400682257,3.265957109
6.987707372,0,2.492966258,2.378713108,3.621864034,3.912997122
9.503427202,0,2.457467867,2.48276717,2.4385697,2.727884874
8.728301956,0,1.744560858,2.527274971,3.824232899,4.508845799
9.021999573,0,2.937751793,2.267554314,2.077294691,2.894271835
7.370541968,0,2.58747825,2.722634892,3.402477111,2.96253833
11.12543401,1,3.684192662,5.334532515,5.385108375,6.85449049
8.056735741,0,2.002820713,2.579785037,3.339995798,3.506699105
14.05168997,0,1.056926366,2.001441583,1.687932075,2.053692779
10.20057316,0,2.0064204,1.957635924,2.077750899,2.432700343
12.79106749,1,2.689762245,3.354237871,4.033047429,5.974455804
10.29719318,1,2.813304731,3.750122405,4.353758932,4.568098139
9.093504614,0,2.228787002,2.344755996,2.973047134,3.647222652
9.441741262,1,2.281458813,3.092924605,3.992101603,5.530001317
11.71981975,1,3.292908082,3.346489798,4.810741783,4.440109939
10.5306746,0,2.921887626,3.252205026,4.265557397,5.879023484
12.03753104,1,3.687755939,3.64133598,4.659812731,5.743797382
6.942490308,0,2.306605293,2.454084222,2.382551875,3.177024463
12.0417854,0,4.144336705,3.044297264,2.721605987,3.770042846
8.387396238,0,1.979759887,2.467915846,1.193970066,1.548327095
6.938071656,0,2.803735537,0.94927701,2.235533776,3.206533125
7.87079685,1,3.126941734,3.312251206,3.475377594,5.169583728
12.13167241,0,2.275019387,2.742342968,3.63794067,4.886856344
6.71074251,0,3.166962916,1.690823182,2.033534148,2.765036526
9.424279863,0,2.417338327,3.793415524,3.317202155,3.894157774
11.9940798,1,3.474875004,4.749333865,4.794188588,4.668557695
11.85244637,1,3.713512256,4.992309391,5.899631351,6.111610955
12.2318042,0,2.541614648,2.51531573,2.908366942,3.606211856
10.07095842,0,2.305446769,2.946791417,3.088040305,4.261378069
7.510955753,0,3.326954669,3.866610196,4.682624685,5.54782091
11.94162034,1,2.358267232,4.980587969,5.263658963,6.325692532
9.281854884,0,3.030014835,4.255910652,3.451267095,3.841891576
10.96552979,0,0.835400943,2.356897623,3.087001401,4.056904017
9.183992841,0,3.954834465,4.126232642,3.338810737,3.191668888
10.07294904,1,3.782292395,4.354264172,4.563986783,4.983800254
10.09313823,0,3.507529622,3.77315921,5.868699957,5.121369692
9.176813905,1,2.543077478,4.968577693,6.529918717,6.932775271
6.171166688,0,2.43342227,2.728452122,3.167725759,4.168978052
12.58276612,1,3.157192551,5.23291938,6.584372634,7.544328012
7.909038263,0,3.113056565,3.852040568,3.602043886,2.610803889
8.757396103,0,2.285695634,2.510227421,3.408638112,4.132599018
6.934777824,0,2.493658536,3.800199226,4.352195266,4.597680667
10.6651083,0,3.197254132,3.865739322,2.8702752,2.927912132
6.737976062,0,1.834276227,2.237363398,2.722264757,2.710419286
8.690777212,1,2.481488759,2.937993512,3.529401454,4.21407985
13.13706813,1,3.914684831,4.590549664,5.39916671,6.821382296
7.538851442,0,3.029004233,3.439836424,3.555738427,4.227386384
12.84834778,1,2.563101097,2.735259605,2.675449263,3.38530716
9.146408714,1,2.374878162,3.191994808,3.941413662,4.45639947
9.767267541,0,1.929820433,2.260629631,2.65453428,2.622197847
8.988562451,1,2.57147631,4.122734337,4.821640437,5.990443905
9.720979625,0,2.822026578,3.304629091,2.979163809,3.747973684
9.571641555,0,3.503999133,4.50152508,4.334098118,4.194882285
8.907742846,0,2.017866402,1.641913204,2.775090217,2.831413864
5.791488812,0,3.201969778,2.950933939,2.232323769,3.121288016
10.57105336,1,3.390006688,3.856092958,5.155194504,5.769603804
9.396728312,0,2.704242397,2.893997946,3.120335294,4.272765661
13.66320487,1,4.31075924,4.857297865,6.017949293,7.034871859
5.673108443,0,2.150740511,3.710923562,2.947143536,2.86797292
10.58530806,0,3.187299149,2.175169326,2.439922944,2.094468656
6.788317433,0,2.529223591,4.225422626,3.449892141,4.988921586
7.463245656,0,1.771244762,3.681056486,3.356044888,3.176692465
7.998592673,0,2.104708345,1.899243221,2.208589751,2.25743944
10.32397157,0,1.785676332,2.73214677,2.332415236,2.324122167
9.632672556,0,2.781975369,2.227278011,3.038146035,4.311191171
9.545978222,0,3.065809676,2.82135574,3.639267466,4.205560841
8.320209927,1,3.078807787,3.79411754,4.192241554,5.720419455
10.35443166,0,2.6287816,2.575942249,2.997085261,3.191994271
10.8454946,0,2.142172491,3.15514031,3.073380141,2.944969128
8.357824574,0,1.304463013,2.088350802,3.115707229,4.305052314
12.51329993,0,2.433016854,3.383789295,2.496768915,2.826191324
9.060026278,0,2.629738109,2.757919,3.036076896,3.356711711
12.5222664,1,4.333051795,3.959312417,5.206220723,6.816973246
12.58298331,1,2.357333502,3.234313525,3.791575835,4.392565039
7.685496249,0,2.548589833,3.061824287,3.828696938,3.917652997
8.891722569,0,2.194705935,1.851594335,2.333707921,2.088509298
10.32031074,1,2.39683342,1.158987439,2.429138122,3.211498082
9.918164099,0,2.025647571,2.624320444,3.403164152,2.887561075
10.15513069,0,2.639911977,2.37242891,3.10799597,3.343177377
7.767641996,1,3.436752621,4.097813402,4.93944489,5.269596438
15.63992827,1,5.280280638,5.489214901,5.675153454,6.387025017
11.87637288,0,2.977507885,2.389729878,2.897615936,1.988997764
9.619619251,0,2.915332644,3.975078287,4.375516873,2.996281416
10.15492755,0,2.2818889,2.628251286,3.447024229,3.728033209
11.37169571,1,4.174439328,3.70077724,5.221062953,6.262145585
10.40189403,0,3.73193426,3.907808911,4.463806234,4.859700129
9.037034503,0,1.084461554,0.907950114,2.135400019,2.446150602
15.68605412,1,3.789172557,4.110930555,5.276954659,5.998477336
7.48697152,0,2.955401781,3.77291769,4.167913438,4.188813735
12.47178051,1,3.471861808,4.238080086,4.808719913,5.002913144
13.89221645,0,1.532469208,3.438694682,3.44887481,4.682808614
8.664400251,0,3.698870288,3.732336888,5.136344488,4.655970739
10.58988756,0,2.790780179,2.37858925,2.649892511,3.047676412
10.23494014,0,2.37305064,2.636658273,2.983748945,3.402707458
11.4049772,0,2.545074906,3.192192647,3.024443612,3.118107605
10.55872997,0,0.904428168,2.007719995,2.723921797,2.672761414
13.46722599,0,1.773701922,2.946008408,4.100922395,4.751159684
8.220035869,0,2.923912638,3.643723866,4.549622524,4.178575144
9.909755191,0,3.538087107,3.52230505,4.215245657,4.308587574
7.111852484,0,2.886400233,2.847686303,2.857652982,2.367376717
5.216050659,0,1.380030277,1.685467419,1.943073889,2.224375899
10.65011901,1,2.876663567,4.307877437,4.277619934,5.452538034
8.120186077,0,3.327587831,3.363819375,4.143084606,4.941692897
12.22168988,1,2.519658655,3.729512445,4.11756868,6.030077307
11.17873835,1,2.527280475,3.629843216,4.57240188,6.947755607
7.578760614,0,2.844822446,2.19057063,3.049555871,2.542065809
10.16958537,0,2.692245173,2.213220394,1.564319244,1.420368661
13.28228312,0,3.346885872,3.910946583,3.458969243,3.637286015
9.062036094,0,3.782353617,3.670034799,4.234867002,4.303162629
10.8430757,1,4.262106184,4.627736286,6.936129155,7.37466718
11.09844325,0,3.201233976,3.121426731,3.782133133,3.565781308
7.152770422,0,3.063660389,2.567452244,2.365024388,2.14071934
5.480852785,0,1.778563721,1.571209543,2.400866616,1.028030363
8.189362483,0,1.942981441,1.687742076,1.599618571,0.627758067
8.094768575,0,3.248066284,2.786369045,2.91579786,3.345898172
7.413249388,0,2.66925862,3.180541619,3.591231903,2.849471043
10.11623809,1,2.885208868,4.688954328,5.715391381,6.82988469
11.84992302,1,3.832579068,3.224137922,3.988811608,5.068196768
12.85248884,0,3.191413082,2.386377736,2.378415131,3.20946952
8.854072244,0,2.073618202,2.145571661,1.722289238,2.691269072
7.150917672,0,1.821135601,1.328556002,1.466323893,2.185493626
6.868184765,0,1.927825605,2.343119258,3.232531488,2.814936952
9.265220866,0,2.233346432,2.810475828,2.831329855,2.676503926
10.18337253,0,3.093956781,3.142335181,3.999723588,5.709985613
10.75384361,1,1.819247481,2.889708647,4.879706432,5.374281919
10.04187052,0,2.245490205,1.863725849,1.570075381,1.959411615
10.44669347,0,3.650734984,4.150122138,3.797881165,5.41997008
9.890007969,0,2.668343168,3.079120722,2.987990598,3.981875712
7.259119159,1,2.665640805,3.870252795,4.359460746,3.785776338
9.713343356,0,3.022141471,3.392441805,4.295337257,5.0390538
4.621656898,0,2.475426422,2.779612563,2.805110922,2.497742218
15.64065622,1,4.09758295,4.242783368,4.777865469,5.193951709
11.67049961,0,2.870517073,3.931273381,4.143295728,4.904703874
10.66113895,1,2.662720406,3.335266581,4.290417991,5.801023679
11.17171329,1,2.106542058,2.652117534,4.053252879,3.846425325
10.90852519,0,2.580115091,3.399506431,2.595263884,2.871181137
11.28037343,0,3.366678476,4.771955846,3.31719931,3.073183053
9.400877028,0,2.246104795,2.466423797,2.739810528,3.597689642
14.83721119,1,2.824559216,3.667295389,4.977826173,5.496211804
6.967611435,1,2.793309041,4.254800575,4.481596826,4.08314626
7.522843711,0,1.828871906,1.979984753,2.508153507,3.222025639
12.99862681,0,2.638319204,2.489052496,3.435854781,3.800922803
9.366811805,0,1.988656529,3.048010084,3.145186605,3.436830013
7.807836726,0,3.765209665,4.136185255,3.269417823,2.663114054
11.69669925,0,2.233446504,2.895551569,3.987012281,4.097370368
10.17857564,0,4.305898392,3.985528831,3.333355271,5.477573823
8.461970884,1,2.133122876,3.992975761,4.014446063,3.732633633
11.34554889,1,1.94404462,2.746785246,5.162656135,5.161054724
11.44186543,0,2.555442257,2.618514445,2.44945126,2.938959834
9.273041909,0,3.503916996,2.991982576,3.501365199,4.397037397
9.988305266,0,2.613448048,3.399729665,4.500764737,4.797183696
9.617819509,0,3.07226808,2.911831381,3.703231654,3.690141727
5.819505458,0,3.047498362,2.89969696,3.327976013,4.491771661
13.56903209,1,1.564456842,3.164664428,4.23652567,5.241068955
11.76361519,1,3.441340183,4.43190144,4.824332975,5.600299796
9.084363462,0,3.125181987,3.572416597,2.46357041,3.491973882
9.876956088,1,2.104824864,3.071608337,3.358870339,4.910021508
10.64188958,0,2.953113505,1.793945542,2.538173505,1.644370987
13.98220797,1,3.157593586,2.832324029,3.333534022,5.137327871
8.900397814,0,2.675073574,4.384969724,4.540054655,5.446976941
7.189745755,1,2.363928651,4.102775062,3.317808356,3.51852979
10.29134229,0,3.695192311,4.08655957,3.839556378,4.896651042
6.592597505,0,1.739706815,2.231939588,2.063274861,2.155933775
12.26753539,0,3.970065324,3.174683052,3.851571696,3.784229842
7.16134308,0,2.289735374,1.880576612,3.808290694,3.761463306
8.507275204,0,2.700034186,2.835592611,3.934550465,3.797843452
11.68573091,0,1.752403539,2.144843517,2.444234025,3.556540575
11.32638983,0,4.093648247,4.162666879,4.490963833,4.648577751
10.00767581,1,2.78476914,2.343482388,2.805514774,3.946866769
12.11174764,1,2.084120529,4.576697064,5.97251174,8.022471419
9.522632286,1,3.727318228,3.552847692,4.735119685,5.55322532
9.670561063,0,2.73552798,3.158443323,3.313812417,4.611320168
7.583965853,0,2.412144652,2.699734845,3.472721549,4.263877528
3.177704426,0,1.923950934,1.771001166,2.252828512,2.986223258
7.901500873,0,2.036581946,2.14410553,1.963057676,2.654980353
7.213804011,0,3.095640083,3.545155939,4.814721104,5.027445732
12.13070586,0,3.540564471,4.748430781,4.491936298,5.046075404
7.749169036,0,2.369591268,2.1870281,2.403386742,2.948477952
8.084657031,0,2.660490448,3.263951031,4.151319231,3.784349053
8.346706938,0,2.214734812,3.150956603,4.113447854,4.540504347
13.27452843,1,4.207847368,5.577410445,6.157936794,7.522848185
7.512901437,0,1.86208054,1.808004704,1.954253882,3.071356916
8.803404699,0,1.78023682,2.158245763,3.612701799,3.092452221
6.89583211,0,3.360675388,3.076586547,3.830445561,3.713073901
9.32402448,0,3.023747416,2.865705297,2.758947423,2.697821083
9.421183726,0,1.627432025,2.324372867,2.428331208,1.599147208
11.69144474,0,2.491997269,2.851265961,4.109879906,3.617044603
7.787751989,1,3.2249345,4.118946123,4.334696011,4.860028772
10.90358955,0,1.846336625,3.066803744,2.097185911,3.261008082
8.329083848,1,2.527038468,3.792364626,4.569729272,6.443916568
12.97597772,0,4.482660721,4.897942112,4.721323573,5.604414899
9.503480719,0,3.706214034,3.688495413,3.451947596,3.127100617
8.550222904,0,2.211229668,2.063786918,2.676228137,3.300142458
10.68818874,1,4.807599919,4.888304092,6.272933957,6.114127623
10.7002616,0,2.644108903,3.325540185,2.93871698,3.583489528
13.19817358,1,1.669698089,3.240999609,3.883800285,4.562458429
9.710060151,1,3.307058442,3.689612335,4.921349334,4.491365675
15.87975905,1,3.144639874,3.095247288,4.458613407,5.841407629
7.849842434,0,3.439866913,2.728729541,3.175331492,3.506206273
13.65779772,1,4.495147804,4.263276107,4.591609056,4.631597106
14.75958889,1,2.931869207,3.11833325,3.490843291,3.035754336
11.48145395,0,3.103344993,3.369726206,3.113024097,3.123003685
9.116390131,0,1.479925738,2.301081208,3.587726803,4.599765325
9.491210587,0,2.376846373,2.570000168,3.567474981,5.005445476
13.71226936,1,2.652979019,3.301568969,3.847488257,4.812567489
6.607820835,0,2.098269176,2.558917255,2.665494166,2.430303999
7.808943378,0,2.584805132,2.046468259,3.422180092,3.194362788
12.88157053,1,3.368324515,3.633680949,4.725191311,5.22126026
11.45594962,1,3.483598514,3.655991362,3.509042508,3.511931884
6.89735113,0,3.224675582,2.871042857,2.150592804,1.935948577
9.322462647,0,1.743343865,3.739320105,4.652160666,4.36694055
8.848869061,1,3.22931797,1.91269929,2.093212256,4.492637986
9.567663741,0,3.404365446,3.315281381,3.383857202,2.755895346
6.78638199,0,2.981421788,4.010052601,4.623612565,6.033952713
12.460988,0,2.657723612,2.477939145,3.249914613,3.093555798
8.597284709,0,3.240908301,2.853667494,4.1459577,4.468121573
11.79008081,1,2.78811759,4.82070285,6.061537523,7.490026405
10.51031806,0,2.848369642,4.636522964,4.286353338,4.982952896
10.5875946,0,2.058369039,3.082331606,2.6968542,2.721462463
10.5082082,0,0.895724403,2.216701464,2.57819804,2.319492303
7.90221615,0,1.803811707,2.704800187,3.00768085,4.006947036
9.28451788,0,2.491836964,2.403957551,1.423097395,1.910841054
11.80963754,0,3.249246774,3.493045017,4.447826478,4.611854116
9.572698279,0,2.646821199,2.879380815,3.254646809,3.330684728
8.984791094,0,4.176305851,4.299064794,3.52354393,3.771661236
8.133235567,0,2.730827605,2.672064042,3.552716142,4.742170532
5.929585786,0,3.21533767,3.104127989,3.296272691,4.082760917
7.85003684,1,3.283604,4.226642356,5.377215334,6.04195543
8.617098567,0,4.382804798,3.750098312,3.358575381,3.650932077
10.84958418,0,2.201650274,3.144708463,4.099490415,4.785152405
10.30081021,1,3.076305203,3.169354273,3.679315783,5.061310296
9.833543533,0,2.846229515,2.467968601,3.193687828,3.045304479
12.3242396,1,3.32321278,4.513706574,6.563183688,7.711277607
12.53565729,0,3.032607996,3.044579668,3.553512167,3.159407266
9.916594593,0,3.00059299,4.369900981,4.342057159,4.133147845
12.96647502,0,2.980307047,3.312659477,4.340557743,5.152691623
6.815043202,0,2.580836265,3.722523577,4.415398507,4.532880803
11.4563925,0,2.484289476,3.055411296,3.438541724,2.638725104
10.67856523,1,3.384659933,4.006547618,4.369308263,4.946939206
12.78655354,1,2.960377425,3.832238567,4.530380992,4.672367516
6.691602118,0,2.330360452,3.580270711,2.787514588,3.99271598
13.00066876,0,3.200723693,2.472386959,2.379250371,2.302971432
7.977720058,0,2.567935684,3.375582281,4.061214455,4.584360494
10.37272735,0,2.839845179,3.554793849,4.89255673,4.606013784
10.37296666,1,2.69389295,3.535295728,4.410092146,5.858657276
11.2291846,0,2.359045966,2.82691249,2.742844738,3.142877482
8.167760328,1,4.865651294,3.845576885,5.265849276,5.463930354
9.461280966,0,3.509147513,3.665309087,4.251756366,4.654606082
8.073406066,0,2.581181043,2.295588525,2.318051289,2.304197173
12.36807663,1,3.172654764,4.103079287,4.828429667,4.78385963
6.896717085,0,2.078918054,2.506706849,1.845160521,1.403437134
12.22416235,1,3.07516203,5.262844673,6.112035643,6.808070521
11.10386196,1,3.575578495,4.539551703,3.220366289,4.628200807
13.41089974,1,3.556751835,3.679096991,3.747438313,4.250458672
7.970208048,1,2.226391371,2.717073176,4.345917319,3.113601831
9.782701639,0,2.678223143,3.195252206,2.454437737,3.520114227
11.30448822,0,1.711098543,3.122517839,3.425809883,4.760474882
8.132379381,0,2.513588245,2.230247027,2.649788985,2.914206205
12.35698371,1,3.94026494,5.278930608,6.095600661,7.435416993
12.94924715,1,2.611805533,4.937154244,6.146707686,7.432806511
10.40449774,1,3.106109305,3.918129068,5.468724148,6.247838301
11.14109305,0,2.672746519,2.109909674,2.188107281,3.95782727
10.82946411,1,3.795702063,4.698800306,5.689394389,5.880706242
11.55658947,1,2.906286116,3.012878606,5.159255891,5.650058374
7.415116354,0,1.494479502,3.399509185,3.243390276,3.991719926
7.968809041,0,2.394649622,2.440975295,2.480396532,3.265850317
12.44662374,1,3.534042125,4.252394774,4.894912812,5.301744118
8.818985843,0,2.148941628,2.557017779,3.687259119,4.104067414
8.720750317,0,2.159074509,3.186528182,4.024126204,4.882381598
10.1559482,1,3.789583881,3.98939788,4.255350913,3.820638517
8.797044306,0,1.835510046,2.287411351,3.105528371,2.769023879
15.5785507,1,2.286867904,3.967087925,5.017625948,6.588905445
9.306855634,0,2.232477619,1.406001961,2.394493742,2.877616665
9.834489619,0,2.477926765,2.817974987,3.052438378,2.816466993
7.951940697,0,2.404113893,2.706826581,2.453415646,2.444278226
9.322722976,0,1.585336351,1.789627007,2.343975658,3.115675966
9.663707761,0,1.158388731,1.834253134,3.00156566,4.472659894
15.3142213,1,3.066852965,4.588360394,4.240331246,4.604721063
9.900595027,0,1.295853699,3.345080793,3.138449086,3.722143729
8.862374258,0,1.631550619,1.641402417,3.007333025,3.27407383
14.48134399,1,2.594310541,4.263688546,5.07794111,5.292028229
11.82982147,0,2.57353593,2.773894222,3.675164793,3.957889368
12.0606769,1,3.172102407,4.454882825,4.9905966,6.681920007
7.59818645,0,1.728557252,1.605836692,1.962424825,1.303876715
9.846096741,0,3.204320544,3.569666717,3.796672448,4.4825215
11.71805761,1,2.254194277,3.331204837,3.918159653,4.472343657
11.00678318,0,1.513267651,2.85113329,3.773265283,3.289176173
8.662015137,1,2.746569578,3.151991437,3.314467209,2.196931721
9.637061573,0,2.776515648,2.881553116,4.676935844,3.818288723
10.6202445,0,2.343221294,3.225179871,2.641351946,4.119804673
9.615024484,0,1.34323124,1.862916196,1.760209443,1.213427789
11.36601283,1,2.405992349,4.012678336,5.295840857,5.609554288
10.35824394,1,3.547067076,3.827848756,5.066323824,7.306382088
10.23825475,1,2.419921391,3.971093704,4.98870431,5.353780846
9.09735553,0,3.502289549,4.33801314,3.576731726,5.06429589
9.844984323,0,2.165914801,1.636760299,1.582297398,1.228429806
9.715666139,0,1.12929954,1.368624059,2.273820532,2.165548312
11.07524469,0,2.86135782,3.081690759,4.601456974,4.341152167
9.070950813,0,2.742773248,3.330478653,4.219811346,3.056784478
8.547258009,0,0.847129161,2.049316787,2.291197782,3.14536546
11.69428999,0,2.756755033,2.574399932,4.462255686,5.517419073
8.76199822,0,1.525572318,1.760524055,1.636962841,1.409946273
9.052268396,0,2.045123109,2.600033586,2.441157069,2.929060256
11.03293353,1,2.174022172,3.493521833,4.668164324,5.598247427
11.73542437,0,2.328511889,2.431947059,2.781699578,2.329566889
11.36808239,1,3.376453342,3.037315454,3.473567511,4.081894702
12.87877751,1,2.975216321,3.880691744,5.325365876,7.116670072
11.34509431,1,2.710041987,4.324133474,5.662108683,6.964467082
7.947895325,0,2.0787123,2.632472908,2.755038349,2.646550981
10.44929174,1,3.48128591,4.022465466,4.842323583,6.170676226
6.010821004,0,2.577999171,2.137199171,1.61110831,1.55110444
7.977157609,0,2.394151506,3.131682071,4.590045605,4.09405371
10.92664479,0,1.810500055,2.462127505,2.91476882,3.06009985
10.89977857,0,2.167590503,1.638483951,2.071461278,2.67376721
10.79673578,0,2.752636388,3.646923402,4.024891616,4.686773328
10.59843638,0,2.744488639,3.278448661,3.181058558,3.655960061
9.084924434,0,2.186281777,3.497044388,4.042857768,4.370110401
8.703845528,0,2.862979524,2.034765712,1.79253034,1.749287212
9.444337337,0,3.612603374,4.129669768,4.131890036,4.373747216
11.82821265,0,1.40442969,2.072956081,2.068214872,3.068045053
8.642811988,0,2.139724987,2.026911296,1.827793161,0.661849975
12.48020895,0,2.90999177,3.553415173,4.265774072,5.460965879
10.81585271,1,2.484078312,3.38536025,2.311804656,2.886766415
9.304552631,0,2.183221837,2.071933136,2.125451221,2.022185956
6.911033288,0,0.92193768,1.761300254,2.715577419,2.251628577
13.86065376,0,2.789805287,3.55445655,4.434566243,6.442370463
8.808223365,1,2.826142318,3.755165905,4.242286991,5.978664209
9.242627071,1,2.528128096,3.489048382,4.561838007,6.032248045
13.8040207,0,3.389204354,2.889449256,4.104649528,4.731006299
9.340404025,0,2.706043424,2.70195626,2.620238093,2.55336099
8.593546194,0,3.112108866,3.303356854,3.820446643,3.418261231
9.50724967,0,1.263711908,1.685479531,2.1537475,3.143661168
10.87642287,0,3.166333362,3.081874857,2.489940832,4.377764086
8.944707511,0,3.317349598,4.42610141,4.672032236,5.240783037
8.887692108,0,3.071387912,3.505712981,3.347073909,4.940233672
13.06001667,1,3.413384989,4.186593886,5.228294726,6.237776029
11.31861405,1,3.021061325,3.4405302,3.437989835,4.253406291
11.55888038,0,1.019317077,1.788678908,3.11044453,2.420510938
12.29965074,0,2.676951708,2.402408387,2.585671259,2.128040396
10.35893913,0,1.43472769,2.588269786,3.627650321,4.81908292
8.98000741,1,2.900604686,3.032024953,3.320017442,4.778207809
12.38711951,1,3.830068468,4.961498494,5.388667653,6.485353615
10.82656689,0,3.747526863,3.997737941,4.309811555,4.531813966
11.2670422,1,3.455517722,4.225370861,3.753136997,3.999170569
8.766296988,0,2.013416358,4.306199749,3.977619684,4.475297392
12.70809197,0,3.576959485,3.667798993,4.381218523,4.853484725
11.85511524,1,2.720287508,3.96198796,5.145970794,4.470215772
8.490507792,0,2.151469013,2.576875819,1.898048995,2.161025793
8.722925364,1,3.722462406,3.011432765,4.720086782,5.171736057
6.004902097,0,1.780419509,1.877857721,2.311835725,1.991122987
11.66055921,0,2.736036918,4.001220703,4.031525936,4.288822696
9.595646652,0,2.322007632,3.416492928,2.488252201,2.341167818
11.05485599,0,2.674111592,3.096328503,3.757319016,3.875789637
9.007943394,0,1.697931521,2.792876408,4.322084781,4.93242453
9.381455746,1,3.043886023,4.148674683,4.007320473,4.001098158
7.999234232,0,2.095814673,3.926581084,3.378477294,4.578745573
5.634204274,0,1.373403332,1.860973999,2.610009279,3.454594967
11.84797528,0,2.197534183,3.605418628,4.252552975,5.270589672
14.38582027,0,4.145195782,4.334741127,4.773698363,5.906230045
10.70718509,0,2.401667276,2.902557076,3.724819761,4.8720323
10.24090636,0,3.096066927,4.082213688,3.258694345,3.232858292
10.02545905,0,3.081226798,3.300774935,3.733868217,4.611600352
8.83569718,0,3.228542161,2.988663844,2.268169395,2.692955842
11.12264805,0,3.16915457,1.820103667,2.542761773,1.586389016
9.528773615,0,1.756350473,2.262719231,1.709459742,1.817776133
10.13452767,0,2.584716452,2.953824691,3.103433245,2.625626938
8.496572587,0,1.970126652,2.102225274,2.21410654,2.395498438
11.83367808,0,2.005898245,2.681108424,3.298405376,3.632150864
5.200714926,0,3.783977939,3.590806503,4.297431461,3.475819137
12.79009234,0,2.572165012,2.315171896,2.417188745,1.883097184
8.663423936,0,1.550117692,1.664424018,3.224785923,2.843247562
10.25883994,0,2.673055429,2.267641172,3.16612886,3.708765326
12.38064527,1,2.866731465,3.793785976,3.289287191,3.607321873
12.02925195,1,2.585439588,3.822903761,3.974585772,3.478983824
11.78139119,0,3.381711526,2.176128491,2.365771618,2.160940718
11.10036634,0,3.140062746,2.856758029,3.026677922,3.219040141
11.89475676,1,3.307157835,4.741969531,4.828897046,6.053301237
8.574083259,0,0.798867994,1.493664375,1.292640502,0.854446844
10.06250706,1,3.479370323,4.166992029,5.137047951,5.558448847
11.74065772,0,1.255466597,1.945417712,0.623604218,0.886121159
12.29986196,1,3.279507801,3.686511862,4.283310829,6.133742884
8.545889303,0,2.617094515,2.110346806,2.096828014,2.479116607
9.610789963,1,4.745731205,3.781415679,4.256457439,4.897450717
8.79083456,0,2.710133315,3.316170724,2.677616152,3.106274953
12.8222309,1,3.121201453,3.657867079,4.671784914,5.61076996
9.361812604,0,2.077863196,2.313651079,3.563870351,4.318725975
10.09961158,0,2.465927265,2.659567675,3.864591102,5.762209645
11.53080611,0,2.6693754,3.078108236,4.963246965,4.607272151
13.45334973,1,2.293355661,2.756261482,3.897919056,4.933393482
7.144261095,0,3.532140391,2.725534964,4.387221258,3.951577984
10.85715417,0,3.21519203,3.379173368,4.162672697,4.504023044
9.24453547,0,1.056105452,1.34601628,1.179119071,0.980438035
10.08808235,0,3.020928785,3.314076522,3.01607269,2.975445683
10.10997611,1,2.856849106,2.897426165,2.684157668,2.914209951
11.53768045,0,1.654184084,2.462563558,3.269044581,2.144832955
8.063062928,0,2.242486518,3.140366703,3.461357895,2.858398405
11.5471846,0,3.272628668,3.287598481,4.257821294,4.34192208
11.28443379,0,3.139002539,3.196243095,4.00225465,3.493235825
9.660548937,1,4.18628619,4.984456616,5.930894707,7.070227543
9.000998993,0,3.167115778,4.332498921,4.176462961,4.544186442
12.13337677,1,3.063816837,4.972933354,4.047944737,5.207568535
7.736964367,0,2.392277784,2.611480141,2.80686908,3.801273413
8.764884553,0,2.902262885,3.497166907,3.216887486,3.305204503
6.061328859,0,2.6327468,2.385215044,1.534357689,1.779154816
9.377719673,0,2.262671089,2.25282129,1.63193413,2.045478765
8.062257175,0,3.425755677,3.564269579,3.812948435,3.76584256
8.888980746,0,1.855932324,2.84220815,2.79061823,3.90280599
13.06173107,0,3.074343207,3.25719836,3.304743132,3.152007943
8.970602863,0,2.471261287,2.501517293,2.53787235,1.83486626
7.508176904,1,3.221644593,3.772855489,4.902879107,5.847083225
8.380546242,0,1.148312664,1.695099238,1.648821135,2.839317463
8.233254858,0,2.79642407,3.076414209,3.470793189,3.652109434
9.406809359,0,1.424371308,2.439629344,2.663698721,2.267749766
10.19724402,1,3.827355688,4.198661766,5.184498417,6.805153989
10.16479829,0,2.118564532,3.026501375,2.244930181,2.114297209
8.325871272,0,2.366397016,2.746515678,2.46322186,1.415935077
11.32228037,0,2.97495646,2.524114084,2.237057562,2.879756883
9.16516605,1,3.74762669,4.071077656,4.512848685,5.280544102
6.618870053,0,2.606979316,2.446120173,2.450032982,3.219874211
12.30834536,0,2.933404973,2.635653806,3.445199331,4.155465706
12.41416062,0,2.093931472,2.873814942,2.690908571,1.638801085
11.67380608,0,2.962925023,2.641815024,2.389507899,2.095761124
12.85826372,0,2.923696672,2.748990173,3.152239753,2.689598908
11.35959435,0,2.228949807,3.493217499,3.772779449,4.70083983
9.391460675,0,1.169333677,1.842809781,3.019334186,4.080379542
7.177348084,0,2.257545043,3.010305371,3.812281531,4.463930115
15.09688135,1,3.626963002,5.345783596,6.71358699,7.770509181
8.126780217,0,2.883520864,3.17583973,2.35441584,2.021077626
10.04745067,1,3.504111004,4.354301397,4.757898593,4.542958734
8.114280446,0,2.938746163,3.272625237,3.694534023,4.196464965
10.86819725,1,1.328091448,2.705629662,3.451501947,3.057211481
9.495138718,0,1.385547416,1.179315269,2.892104569,2.722208952
6.619890919,0,2.69369464,3.284640866,3.387347215,3.295116161
9.510234109,0,2.213778141,2.472141644,2.071645117,2.694090365
10.38765699,1,5.20725662,5.150881203,6.191829131,8.108169179
15.69916205,1,3.518645917,3.876925531,4.051751315,5.05725872
5.531889665,0,2.420848558,2.837688952,3.045745449,4.231389288
10.18615692,1,1.805119158,2.77811723,3.5067616,4.852669982
9.826033,1,2.694491898,3.026348449,4.290217849,4.473223734
10.45440473,0,3.617854319,3.009223368,2.867434504,2.77861025
15.13811093,1,2.477334152,4.04689221,4.962566183,5.932410327
8.582580473,0,2.287458827,3.535653544,3.6131749,5.081515651
9.820409402,0,3.289835894,4.936625042,4.832950252,5.943665014
9.34171639,0,2.899454434,2.684267185,3.994098587,3.032485817
15.45309546,1,2.532215098,3.179728039,4.653288651,5.92271776
9.361011943,0,3.952262341,4.267529883,4.136958262,6.429189415
9.356271941,0,2.569194163,3.193361446,4.302986657,3.98383121
10.7001031,1,3.074812879,3.764149432,4.717485359,5.223407067
5.45881503,0,3.167142783,2.957418609,2.31430114,1.813146419
13.50355736,1,3.422851088,3.579696854,5.08754904,6.689691587
12.51286415,1,2.984272107,2.954012503,3.79854435,3.278606306
10.8749032,0,4.234268464,3.830224386,3.925468092,3.899050006
7.75687635,1,3.240278219,3.209212765,4.819429613,5.630489901
11.4504498,1,2.853495948,3.954137902,4.550266999,5.43080869
11.48870608,0,2.52709123,3.272621825,3.279469198,2.847768687
10.55676771,1,2.575833105,3.524454082,3.435800586,4.116592614
6.252009944,0,2.036781576,2.619500544,3.176469228,2.306530096
12.77240032,1,4.714737292,3.313397573,4.616506422,5.284075524
12.53588061,0,3.245038518,3.264763211,3.786705822,4.959651093
11.76338564,0,3.010448216,4.091657358,3.036628751,2.222526349
14.14774074,0,2.655226752,3.653869882,3.949610144,4.531541354
12.5842825,0,1.487936827,2.940779528,3.43030357,3.103649962
12.33926381,1,1.586319824,3.317855968,3.715224158,5.557220288
4.281485921,1,2.916756795,2.837536663,2.756098286,3.253667548
13.76440325,0,2.303744111,2.757957542,1.865470288,2.756326004
9.339621009,0,2.828098689,3.527477332,3.232327652,4.002283209
6.756576113,0,2.195213868,2.924201958,3.65031132,4.385539738
10.49291785,0,1.822625543,3.654269534,3.27343233,2.926894088
10.22965236,1,2.696270482,4.280501192,5.203218975,5.965274266
8.924459637,0,1.545963081,2.199148627,2.109245682,2.080412016
11.62270012,0,2.720389899,3.73084561,2.983266151,3.298916758
8.917894164,0,1.922969921,1.939636488,1.836661389,1.644839662
11.99872878,0,2.647293201,2.13359082,1.821462135,1.92162273
11.62015231,1,2.92384174,3.800563553,3.827982563,3.635870182
7.406245792,0,2.11697739,2.079660856,1.769626742,0.960789216
10.88664129,0,2.707224662,3.986877011,1.428970466,1.492364024
11.59056328,0,0.817463473,1.412773394,2.065845845,2.196950145
10.69907011,0,2.884175722,2.928954294,3.530276938,3.240920612
9.98025045,0,1.600229757,2.449017071,2.641321185,2.961786015
9.042127815,0,1.917384985,2.061737999,3.881276486,4.363277972
9.888376986,0,2.733146881,3.351293166,2.34966411,2.750345954
14.7681025,1,1.576697553,2.76942425,3.208709991,3.262300107
12.58822258,1,3.354632085,2.645990442,3.689679274,5.110762959
7.44851499,1,3.133197765,3.861889919,4.895920409,7.022778094
7.197068338,0,2.35994547,2.975574815,3.502763862,3.117102092
11.37807831,1,2.735969301,3.712803779,3.939099279,4.519182156
8.557891395,1,3.714377846,4.530811271,4.833617847,5.465122253
13.01521609,1,2.938875561,4.500134065,5.793863498,6.472047932
8.746727395,0,2.386763858,2.247248439,1.635749862,2.165142947
9.111575868,0,2.22179799,2.348226858,0.551031815,2.190585797
10.39127791,0,3.052949863,2.896326863,2.912193463,3.529954551
8.574479534,0,2.422762001,2.728452332,2.721788345,2.960185474
8.585894049,1,2.544795458,4.448126611,4.465000881,5.23933361
7.709183574,0,2.024091075,2.984192,2.255288643,3.453185843
12.40705928,0,1.816256574,2.846488465,3.033275546,3.48178277
8.149111127,1,2.748379212,2.664087112,4.650245359,5.844173809
9.734280503,0,2.378383065,3.16548633,3.960959649,4.572049605
10.80055431,0,1.688847603,1.847743188,1.391340273,2.772868822
8.086493276,0,1.974150402,2.868558869,2.238322299,2.317805188
8.645174134,0,2.797594534,3.576717738,3.336088631,3.954078012
6.930369383,0,2.912591751,3.390925058,3.074429962,3.994199267
10.47453383,0,2.826287153,2.39857958,3.261512254,3.36682268
10.0050125,0,2.068107524,2.73117065,3.688644776,2.668833932
10.17232224,1,3.612308072,3.307312532,4.376790536,5.511909695
13.2808446,1,4.269662751,4.933351838,5.20647385,7.888119591
13.94609927,1,3.113881853,3.862980508,5.540802706,5.203152359
8.683933098,0,2.130416373,2.259006006,3.630330167,3.645775984
7.815032935,0,1.761635769,2.281521435,2.652216503,2.136271859
10.57285766,0,2.947403586,2.912047447,3.172590006,2.657844344
9.762194522,0,2.699224974,2.505197054,2.999058389,3.654296823
6.414598047,0,2.273143704,1.677303159,1.735554515,1.624936131
11.01780235,0,3.209462316,3.006611726,2.615286995,2.25727487
12.28830184,1,3.394966939,4.742919181,5.025807296,5.539573977
11.06445601,0,2.272587979,3.960167316,4.035466588,3.882535817
9.618247565,0,2.678662874,2.244729612,2.520805434,3.471335813
7.648927079,0,2.637552347,2.73058765,3.933287667,4.200179057
10.80095274,0,2.272084975,3.150804496,3.815157161,3.447882843
10.5147635,0,3.018027434,3.069221378,3.928612929,3.218200001
13.22254184,1,2.828831913,5.07598722,4.246866049,6.441799806
12.43306568,1,2.998358485,4.444068379,5.097139729,7.312537046
11.23616103,0,2.417153575,3.724868008,2.809826205,2.716011499
12.59704696,0,2.180624824,3.751800759,3.707134935,4.271514245
9.219086164,0,2.364102965,2.756214961,2.934723623,2.299708768
10.14820275,1,2.492906207,3.583103351,4.428494916,5.541492516
11.53407147,1,3.07253448,3.869190385,4.489696554,4.949422768
10.51061479,0,1.410683316,2.384041222,3.164269311,3.337154932
10.6917122,1,2.674021221,3.684065166,3.670727902,2.784427283
10.18009856,1,1.949370201,2.593948816,3.38874856,4.510725635
12.97854461,0,1.668589984,2.980111515,4.419144975,4.232455001
11.57593805,1,3.888197819,4.887778966,6.140817329,6.180431902
14.2242237,0,3.341419852,4.595984536,4.478284924,3.530688226
14.58437428,1,3.76535897,5.02620517,6.243542079,7.878866061
9.941716055,1,2.519006312,3.477227274,4.767791515,4.061549427
8.414274311,0,2.880369418,3.367298934,3.200242426,4.041375225
11.89334848,0,3.075263351,2.898771156,3.727364446,2.833228661
11.90853179,0,1.567220995,2.158986297,3.051007332,2.465712863
11.24520971,0,1.254665128,1.525136947,1.672751515,1.858143456
9.143694546,0,1.206609523,3.044162996,1.897340262,1.731019632
8.674079495,0,2.205708186,2.891118627,3.733051167,3.884862537
9.732596746,0,2.2499044,2.769427698,2.94783946,3.185535906
9.097880179,0,1.761320171,2.767827944,2.170368497,2.726809843
3.783150713,0,2.440025506,2.974605558,3.164745585,2.99820775
10.20505119,0,2.208025455,2.284982857,3.99682952,4.371317806
9.203131156,0,2.062726659,2.092265405,3.361693097,3.536851378
12.18456273,1,3.239773,3.771767406,4.605688595,6.017044578
11.57618918,0,3.134476008,2.69160435,2.990650178,2.832844693
6.608034044,1,3.414975905,3.628535695,4.854517808,7.217655517
14.03528844,1,2.811037873,4.334411139,4.185645061,5.454355541
8.293188341,0,2.535732214,2.390652741,2.120943677,2.591047389
9.224682315,0,2.091058554,2.760789671,2.799078376,2.327460021
10.45286569,1,3.64946391,4.4467418,5.342866131,5.950625914
7.301089053,0,2.733030765,3.292448656,3.037928556,4.116258288
8.368159223,0,2.811092929,3.892589077,4.258348069,4.433006386
10.83513597,1,2.553780837,3.79396395,3.620030427,3.314986182
12.1133963,0,2.554511473,2.484531403,3.148896397,2.79229729
8.527314718,0,4.293120117,2.510463993,3.430375411,4.611856902
9.87083213,0,2.411950425,2.477733709,2.88387127,3.190037767
7.313809339,0,3.276956444,3.621510052,3.27142766,3.692813537
12.1834009,0,1.759685671,1.308665992,2.239495167,1.952235477
11.63456784,1,4.266482234,4.724399461,4.78941492,5.143511234
9.803756626,1,3.693880021,4.274337457,3.910272033,5.228499215
7.592289581,0,2.348214514,1.614669083,2.620154436,2.811311792
9.738303627,0,3.883712583,4.045122077,3.712812632,3.834406269
10.54198633,1,3.321513188,4.78141301,6.066851413,8.151289448
10.48867993,1,1.824482787,3.29378956,3.907340356,4.192174522
8.303657981,0,1.615292463,2.489851661,3.370446858,2.735358769
10.61673273,1,3.020581999,3.684483783,3.624163618,4.747030599
10.74020386,0,3.227515649,3.398672445,3.531294217,3.345566288
7.244137139,0,3.478710642,1.967766272,1.314846686,2.28098132
11.74803362,0,3.004309213,3.023138527,2.996501912,2.995774289
13.65481115,1,4.267431866,4.905011345,5.271047717,6.910109392
6.888949847,0,3.044852851,2.698176334,3.040232873,3.462450304
9.262255941,0,2.98198318,3.533467973,3.729087336,3.667652561
10.8308505,1,2.307653356,3.629514205,4.22495316,4.962202929
9.012251649,0,2.097866928,1.504391377,1.631013144,1.542399695
9.834916625,0,3.544355912,3.320792429,3.634717641,4.018727262
5.597617347,0,3.990400496,4.028763226,4.279440329,4.401817634
9.712376497,0,2.730247664,3.710415039,4.043184473,4.856754724
11.0913754,0,2.12553489,1.946590385,1.841855267,1.322925403
9.603828849,0,1.6610616,3.207461123,1.856536841,3.229579308
10.60990853,0,4.742884572,3.580329566,4.23779727,3.877898437
8.381235499,0,2.304389345,2.733679207,3.671531611,3.873617754
11.91764518,0,3.529496594,4.493676488,5.515735283,4.839298442
11.13494237,0,2.227012138,2.207733573,1.86420399,3.483703742
10.95657051,0,2.680462112,1.378365144,2.207024562,3.047597676
7.724386213,1,2.751718926,3.102388593,4.764198267,5.204024059
9.043728507,1,2.592613069,3.468260062,3.624606787,4.395964476
13.03453984,1,3.760264707,4.667449919,5.733000816,6.488322568
7.960006442,0,2.226894946,2.517193192,2.464505146,3.359797425
10.55567767,0,2.787447787,2.585940098,3.635112181,4.118204562
6.21811633,0,2.709315041,3.547340227,3.771757995,4.64933861
9.456164056,1,2.64344635,3.004174815,3.371784514,2.912732963
9.449090484,1,3.20614501,3.579345025,3.334873406,3.837765244
12.70314474,1,3.45723917,5.009437748,5.528499493,6.551093593
9.742120564,0,1.644923232,2.253513266,3.531097661,4.571417754
9.544668654,0,2.655321022,3.249368092,3.591171714,2.698703955
11.01015681,0,2.28495906,3.189242199,3.877074493,3.934630671
8.961311415,1,2.170791332,4.248121069,4.834145013,5.257911387
7.608489522,0,3.477026056,3.167822464,3.599225253,3.104879625
6.496048337,0,1.209999716,2.19617637,2.426314614,2.661859228
10.42129472,1,3.5084432,4.597007979,5.465300382,6.498286445
9.206557754,0,1.960427247,1.815865161,1.535608164,2.4086635
10.58761134,0,2.017356425,3.005024825,3.662475487,3.747572944
14.18958926,1,3.301184257,3.284859395,4.173958339,3.457538293
10.98744599,0,2.538395464,2.428637534,3.182803898,2.918037218
8.642498469,1,2.321297034,2.168370186,2.954312013,4.361030692
12.62145453,0,2.923596587,3.226107374,4.062376058,5.382648282
9.96052527,0,2.468262089,2.408398897,2.369290348,3.598952436
4.319528307,0,2.574197747,2.42280829,2.25552121,3.409293958
9.928078011,1,2.339740896,3.539985815,3.753025655,4.541107158
7.850725968,0,3.031137224,2.955747664,2.693894707,3.203657467
11.6843611,1,2.866138263,3.818332639,4.822070707,5.634207428
7.874927032,0,3.666144908,3.936600667,4.067305024,3.808036119
11.07917827,0,1.446848585,1.963091982,2.627914332,3.107884472
16.46892854,1,3.28817031,4.771831852,5.546888912,5.4810924
7.493193873,0,2.453721281,2.99194564,1.581612308,2.611668824
9.645097574,0,1.147010534,2.582154178,2.722271526,3.375096046
15.82433242,1,2.803309264,3.084654626,4.242343527,5.050414845
8.539927038,0,2.875285962,2.249905002,2.787679603,2.523501819
11.529469,0,2.851068339,1.82424792,1.03978019,0.773357379
7.214108142,0,2.79164774,3.542817344,4.155325419,4.699659813
10.13903187,0,0.931862023,2.270230325,2.508617249,3.273174596
5.401875957,0,3.314024934,3.560152734,3.73499349,4.33025041
7.633383189,0,3.949053811,4.472777078,4.903682738,4.801995192
6.446386618,0,2.044269905,1.983934929,2.62956047,2.310546774
9.653982333,1,3.122871781,3.954384255,5.259870326,6.327721422
8.954021275,1,3.206705447,3.294026343,4.646834967,5.127247431
9.074401621,0,1.72383772,2.600508655,3.030230755,4.278954166
12.01885617,0,2.82450044,4.256371678,4.983739747,4.855641441
11.39856161,0,3.361802851,3.464783656,4.312643835,3.959419056
9.150657877,0,1.658380426,1.781956878,1.674902204,2.159924128
13.5260156,0,1.260317304,1.42843993,2.376369717,2.067598201
10.35416281,0,3.927420306,3.878981568,3.365321499,3.628195747
6.869778599,0,2.550031255,3.306208937,4.574144817,4.161428194
13.09850196,1,1.879923127,3.018760174,3.896469442,5.00778813
10.31486427,0,2.68656716,3.268795841,2.828610324,2.132232754
9.260743255,0,3.5013838,3.961113015,4.158235974,5.120203717
12.79654019,0,2.92300276,3.543421594,4.605280226,4.452175314
7.046538898,0,2.533634236,2.369809634,2.932024903,2.373130368
9.140870869,0,2.778388715,1.50250811,3.684604417,3.440733236
7.606350284,0,3.498392415,3.996598604,3.704220969,4.184250841
7.718051284,0,3.032801134,2.88396207,3.975594732,2.907673033
9.534248935,1,2.782389441,3.288296063,4.408142649,4.977968892
8.788829991,0,1.70276382,2.737670903,2.357690642,2.55814681
9.351539624,0,3.558926832,3.444231841,3.653027285,4.074948128
10.67354983,1,2.669647319,4.019189163,4.490071316,6.652327054
6.318651426,0,2.478750732,2.062945217,2.053838801,2.145914837
9.077170085,1,2.45306513,3.607229736,3.460905335,4.426781941
10.51593786,0,1.483626279,2.330857804,2.317979614,4.076283432
10.80518217,0,2.48637168,4.417314031,4.222432332,3.93061878
7.939240426,0,3.578082405,3.415176188,3.731883337,3.660691484
5.415085937,0,3.022448196,3.504813782,3.783878176,3.026242923
10.79477761,1,2.888787584,3.999573022,4.834749287,4.659716504
10.82588481,0,2.674975384,3.287657547,2.081417878,2.676934687
10.49950187,0,2.402020546,2.243698888,1.552456894,1.136084023
8.119555499,0,2.186205721,2.81916595,3.142493143,4.491959233
12.15212106,1,3.332811151,4.072123282,5.315061227,6.072556033
8.44492986,0,2.234260541,2.665857397,3.832973432,4.477183627
9.016215025,1,2.132173519,3.380316394,4.854412005,5.036936463
9.987042361,0,2.329249508,3.226192618,4.540385455,5.559958479
11.35772726,1,4.33825552,3.734858031,4.708669624,5.521328983
11.23325775,0,1.950697422,1.963476811,2.109020202,2.586402203
9.317880837,0,1.645027576,2.735802929,1.392890643,2.37304269
9.995555608,1,3.430426558,3.966007603,3.758024373,4.208753917
12.14520544,1,3.65707515,2.98173708,4.251544212,4.449146016
6.473081245,0,2.613485971,2.70871362,3.110915178,4.372032441
10.25349127,0,2.728201582,2.199050964,2.049701959,3.079256252
10.68248679,0,3.439652904,3.764414294,4.265014913,5.167689074
9.048517976,0,3.737653201,4.094413005,5.165679346,7.189052643
11.33798904,1,3.410839944,3.524808729,4.535397986,5.222041158
8.493460591,0,2.415585855,1.352493696,1.968900955,0.762247084
11.48180836,0,2.786446334,2.816378158,3.662411606,3.338940822
13.0614847,1,3.126202109,3.562610583,5.345366285,6.587226126
7.426484075,0,2.351700039,2.084510575,2.076765571,2.92917754
7.633920663,0,1.491006753,1.78489642,2.572885818,2.340021901
10.02569994,0,3.186838206,3.158726644,2.923833286,3.923593161
11.45408533,1,2.955860798,3.877843045,4.713811693,4.461484063
9.173102652,0,2.017180174,2.704179783,3.148656711,4.292913129
7.895773577,0,0.893436072,1.786518145,2.58422325,1.680028897
10.56734812,0,3.128338226,3.153663145,2.05012644,2.917921733
10.09515171,0,2.736361756,3.040272183,3.00697034,3.530418019
5.971257098,0,2.47795784,3.258058162,2.617058645,2.943348166
8.471039983,1,2.123982402,2.592318729,3.933443205,5.018979958
10.93017815,0,2.841041061,3.095206022,3.798360567,3.336949924
8.578515584,0,2.256827501,3.398242125,2.751099955,2.180735945
8.316373653,0,2.766728755,3.193108604,2.997565049,3.766677374
10.10341922,1,2.869626236,3.954304634,4.321261506,5.229445895
7.867839007,0,1.604385433,3.074087915,2.48449939,3.194827117
9.647852817,1,3.036692873,4.261303415,3.796439415,5.026257944
8.12845217,0,2.226309558,2.951250909,3.27929102,3.46151251
9.795208547,0,2.202314084,3.550161806,3.646519249,4.255037995
12.80319073,1,3.850964828,4.650543914,5.521464764,5.152440274
7.737836341,1,2.061738265,4.598545209,4.54858536,4.55850359
9.290677144,0,0.74689276,1.863188003,2.298171315,2.620537319
12.53162815,0,2.141579089,1.901885068,3.801890879,4.828628126
8.14885801,0,3.394620326,3.693884542,3.576929378,3.945360538
14.1957505,0,3.511466286,3.516529569,3.712790117,3.828294183
9.103201895,1,3.050653758,2.646834222,3.462448005,4.547555696
10.58843558,0,3.568475802,4.784815659,5.185228614,5.325081822
10.71874855,1,2.720218391,3.689703194,4.524268352,5.034251635
10.89952198,1,3.132215273,3.15163836,4.176826438,5.197551769
10.53575563,0,2.031245901,2.210201273,2.963009495,3.522369325
9.852821468,0,3.050048476,3.615641731,3.015801829,3.16187096
8.106756761,0,3.269749605,3.869840101,3.215794098,4.286750317
12.07983147,1,2.441938236,2.720358121,3.139580397,3.812858442
7.761261769,0,3.514820075,2.673123995,2.555488393,2.755114276
10.04741965,0,3.220788682,3.185134389,4.468843926,4.76519462
6.582168264,0,2.686848791,3.230390957,4.738518252,5.633588412
9.903357941,1,2.909943193,3.203740818,3.813663878,4.936813311
9.487538958,1,3.223673572,3.941205401,5.940905833,6.038831988
12.24153503,0,1.319131017,2.744131589,4.713620834,4.12033016
13.51834999,1,4.376747182,5.053977766,6.373380704,7.874672649
7.608063957,0,2.399399266,3.532528765,3.342539033,3.123767877
11.71109463,0,3.737551771,3.295611365,2.564225283,3.198752209
7.21128397,0,2.238087494,1.975058856,2.11743942,2.764962188
6.554008849,1,3.0928192,3.732031662,2.773517363,3.831344693
10.13365858,1,5.03329152,4.419515657,6.042583183,6.588084999
7.276757743,0,2.458362531,2.431529203,2.689757067,2.911079244
13.8390465,0,3.242029271,2.702906643,3.785032045,3.040011468
7.728633608,0,2.926971551,3.999613859,3.40313556,3.462190169
11.30520506,0,2.030755143,1.990597815,2.664801343,3.367844179
10.90988794,0,3.466054326,3.73668282,3.593943409,4.265385144
7.090954971,0,2.262044259,2.635232299,2.21769755,2.32819699
12.02458855,1,3.104623805,4.384561758,5.555455819,5.423852646
8.641342155,0,2.482640197,2.100595503,2.366656726,4.033986559
11.16184601,1,3.430287212,5.047591222,6.004301818,7.125116861
8.84865125,0,2.418205287,2.788279233,2.468699307,2.562506237
10.79317017,0,2.65322557,3.135725714,4.199882018,4.835896417
15.11999575,1,3.578582485,3.580778569,4.15236171,4.556874352
14.3320681,1,3.507954624,3.276975395,4.641483165,5.286154123
9.188507697,0,2.574444252,2.110370007,2.928234606,3.11548369
12.51107442,1,3.375820867,3.309382428,4.355339469,3.90008616
7.487978362,0,1.953357183,1.710419801,1.494146436,1.769510846
10.11766063,0,3.281354927,3.962339715,4.676505141,3.912177915
10.16540468,0,2.647026415,3.88998801,3.298957901,3.178022878
8.364902844,0,3.163509727,3.871887192,3.369034736,4.116511312
9.543243483,1,3.371589988,3.207710836,4.09702598,3.280429057
12.81330755,0,2.332621092,2.815848289,3.344560306,4.000663049
5.896634087,0,2.046852172,1.927145196,2.056831704,1.9501705
9.997273753,0,2.737324018,3.303966285,3.870302848,3.818007626
11.8390676,0,2.1739732,3.385579346,3.074773984,4.455067702
9.815565208,0,2.926760582,3.012766272,4.048794969,2.711523562
7.498026893,0,2.774317539,2.689192929,3.043311125,2.596832379
5.935194457,0,1.640074758,1.331808124,2.438427205,2.98821508
10.52877495,1,2.126844869,2.947501169,5.223295945,5.391637075
10.30858637,1,3.111368175,4.23981763,5.611490331,7.320299642
9.890914865,0,2.619180998,1.755034605,2.800299511,2.755434207
12.36267402,0,3.294964978,4.4760196,3.633340335,4.37852498
11.56322055,1,3.436700017,3.287834469,4.238754236,4.112297167
8.194956388,1,2.803573891,3.702561975,4.18663763,4.426646239
12.28601548,1,2.352490518,2.996534444,5.104558286,4.886939012
11.77472607,1,4.240191269,5.407580732,7.047631313,7.059909335
11.30810984,0,2.315747543,3.391265843,3.170419794,2.194493479
6.536730966,0,2.577942241,1.937596817,2.8950939,1.325367027
9.199455225,0,2.327708968,2.662339146,1.857882866,1.494396348
10.67248345,0,4.514703486,3.779267286,3.90455777,3.961902035
9.171950475,0,2.195252446,1.580450786,1.302819361,2.10008375
6.931990356,1,2.594633535,2.674599701,3.484899235,5.186920759
10.90227733,0,3.374642398,2.301069899,2.549661817,3.136682014
12.00942378,0,2.497138173,3.779775146,4.274285573,4.998174491
9.247028499,0,2.269822852,2.152212696,3.082872028,3.52655772
13.82802666,1,2.857906224,3.405786407,5.319610912,5.972310233
10.86715835,0,2.206829258,2.22503306,2.811128398,2.082543125
5.554500261,0,3.426058048,4.432734089,3.604199511,3.056707006
9.559109044,1,2.85769302,4.486662834,6.067401208,6.292816603
10.8900951,0,3.879507593,2.285610194,2.477775798,2.213042663
5.279309121,0,2.37134626,2.811380861,2.534123817,1.210223425
15.45399456,0,2.893687778,3.630098452,3.70998501,3.843854499
10.72572946,0,2.94440944,2.727286052,1.702761306,2.546917698
9.76935922,0,2.247599633,3.247711888,2.749866226,3.68421211
11.27686042,0,1.909375598,2.321628607,3.479324732,3.292074209
10.24681755,1,3.599680583,4.265283099,5.856347026,7.327264916
11.53390838,0,3.578737308,2.628609367,3.12637635,2.670451759
10.34361861,1,3.543181232,3.669095776,5.008563917,6.30865325
12.31471344,0,2.71547939,3.845601155,3.817329497,3.038470474
11.07264097,0,3.506966442,2.998686843,2.99007008,2.543398129
10.20503962,0,1.736086672,3.088725222,3.238570193,3.818599359
9.321121035,0,3.182268387,2.760465077,3.823370705,4.314041632
10.23933695,0,1.220192213,3.201638326,4.790935526,4.245009479
8.26070954,1,3.797069811,3.882377528,5.404801495,6.115737293
15.36923973,0,1.79505152,2.387782553,3.534567538,3.378534118
8.888765709,0,3.495354943,3.996262886,3.567543002,4.126950205
12.26575116,0,3.050758144,2.928055146,2.70012326,2.519792536
8.745323615,0,2.288082366,2.575684804,3.740819931,4.213016519
13.12964986,0,2.877850125,2.881398838,2.406526609,2.467665765
11.36108736,0,3.384135123,3.643160975,2.761014038,3.914245625
4.670380363,0,3.481975547,3.73412248,3.35272915,5.265136648
7.030723773,0,2.235357802,1.808319857,3.164148666,3.509570912
11.5089857,0,2.38440002,2.961013924,2.609801507,3.590746954
14.97685082,0,3.483816648,3.255274409,3.598859574,4.204209761
8.509528578,0,3.037063022,3.387809612,4.345536608,3.882759918
11.95784059,1,3.187713443,4.585111845,4.927307741,5.537520971
12.87648331,1,2.916518249,3.48160673,3.591824332,3.426283321
11.2673921,0,3.729232577,2.931812471,3.797148649,3.557547975
12.4805855,1,1.954182775,3.480748643,4.496206386,4.618609535
8.865356453,0,2.542849752,3.265765916,3.727778457,2.586544197
9.043617532,0,1.251214423,2.162726507,3.082703907,3.591548104
11.14913154,1,3.889640784,4.410304821,4.262781579,5.370046989
9.359051983,0,1.809748407,3.319250721,3.083684127,4.176181942
12.23328539,1,3.823226085,3.584416775,3.54126898,3.793537559
7.907231273,0,2.414637918,3.209952119,3.51083023,3.208994746
10.84239197,0,2.600294828,2.889184458,2.50650652,2.584329648
12.55362009,0,1.945976679,3.408653261,2.582833571,2.486465362
15.02319168,0,3.048714197,3.082231429,3.181982019,3.510438128
12.48847048,0,1.233050285,3.31677016,3.207181913,3.7113332
9.846031982,0,3.070680176,3.942809579,3.020343777,2.809614757
8.460471505,0,1.68182464,1.95803292,3.257153082,4.742853853
7.254632176,0,2.586151709,3.466053322,4.584358432,4.164784324
8.100128361,0,1.332995718,0.71475399,1.939484319,2.178236207
12.03158209,1,3.936960246,3.283726846,3.153158722,3.567290861
7.823556204,0,1.69028299,2.437418624,2.37731309,2.806035008
9.763780494,0,4.218190807,3.504838166,3.948347536,4.101659859
11.18381893,0,3.120683477,2.000480533,1.952112509,2.80322153
9.911314958,0,1.904339779,3.046638705,3.24719203,3.828464056
6.620177632,0,2.087570003,2.38924252,2.683376322,3.069204089
5.993804796,0,2.639121613,3.044930634,3.749103195,4.453239423
10.61474477,1,3.102315986,2.881618683,3.391711196,3.522068715
9.980546202,1,3.022198108,3.701456319,5.118640448,5.185601364
11.70022052,1,2.157146026,3.843711629,3.659347138,3.139906944
7.651241772,0,2.107260635,2.810310761,2.757866965,3.091828823
15.68929393,1,2.510418053,3.893374211,5.205017713,5.086924778
9.901161897,1,2.436002987,2.07926904,4.083830109,5.845863021
10.01900476,0,2.965666347,2.782217067,2.421454518,3.790994739
11.7936663,0,3.664394325,3.443808601,2.780350777,3.756437048
10.15953687,0,2.922015864,2.261688414,4.0073065,5.100638833
7.626413092,0,3.177731429,3.005664098,3.135697934,3.645636365
10.00883056,0,3.401519037,2.664293017,3.599588082,3.776569733
8.875538385,0,3.161612852,3.208076474,4.104747365,5.952045697
9.198322953,0,2.33309175,4.227411697,3.75637452,4.759738055
9.516039845,0,2.005634178,2.015429287,1.36684402,1.503673141
7.713949101,0,2.358626793,3.319069389,4.052134121,4.365359753
11.04520021,0,1.80705366,1.663967796,2.858389552,3.170728099
11.66470195,0,2.768398675,3.417346172,2.46584407,2.994868505
8.592512043,0,2.181359566,2.909316475,3.007893059,3.560546863
11.10063551,1,3.054371342,3.773630299,4.302730783,5.203319471
10.35289304,0,1.592695341,3.791130363,4.171299444,3.90285657
7.338276515,0,3.236889839,3.120863175,3.855571419,3.873031965
13.27290506,0,3.239127754,3.401627553,4.588134334,4.131484305
8.416410264,0,1.193604038,1.578795995,2.379082786,3.232969621
6.468889431,0,2.877310089,4.118924406,4.139798206,5.193154581
9.566694349,0,2.545704485,3.107739314,3.391067798,3.361830306
13.66770008,0,2.957549581,4.018113057,4.66516285,5.128986486
9.737839464,1,3.698250911,3.886439567,3.814994211,5.177179629
9.948189708,0,3.636102488,3.335862081,4.239309873,5.348113839
7.487690395,0,3.41578834,3.827815342,3.788055375,3.345704474
9.209514205,0,2.483964984,1.996107346,2.84094348,3.6964098
13.55142019,1,2.256417915,3.217724174,2.244703413,2.988580706
12.20351663,1,1.982280762,3.17072174,3.719772515,3.968110233
12.03271269,0,3.13685128,3.492778372,3.572102039,4.585297835
12.66160351,1,3.879759157,3.927684851,3.844393098,4.56718601
8.669695455,0,2.556074435,2.711343807,2.786055609,2.21792025
12.35424514,1,3.11363185,4.329463863,4.871665915,5.406971345
10.15771933,0,2.325135561,2.74317155,3.574488558,4.210400495
8.864998875,0,2.352092346,2.828305023,1.039606618,0.941332883
7.682687306,0,4.745159733,3.970871097,4.348203309,4.41744883
11.24231679,0,2.380539954,3.062103274,3.664599624,4.372669981
11.19486426,1,4.198280212,4.454844696,6.587561542,6.613784154
6.710031718,0,1.762830806,2.158796138,2.780474276,2.657452417
9.221237772,0,2.955989318,3.332402745,3.194096572,3.866522239
10.7947832,1,3.513522211,3.391319086,4.944059665,6.594442301
10.21599421,1,3.529437907,4.657368903,6.08360008,7.109129234
9.477513755,0,2.466594541,2.327522257,2.491908589,3.531125926
8.58752715,0,3.209992968,3.564367836,2.746968632,3.387425523
14.28261349,1,3.030964996,3.186038501,4.610159891,5.728337041
10.16162675,0,1.93592214,1.376074666,2.460902352,1.104660277
10.8890742,0,3.292519957,2.759242378,2.284466127,1.395150174
8.860811696,1,3.366165105,4.916173175,5.634449153,6.924776933
11.91739014,0,4.425635493,4.381424775,4.325915845,4.097190521
13.99221827,0,4.49151487,4.460600242,5.171090865,5.404531027
11.6897653,0,1.697556083,2.458844267,2.23137497,3.10208213
9.177048665,1,3.004769946,2.080349142,1.760810638,2.473108836
9.457293196,0,2.493057918,2.689501871,2.577134362,2.9460282
8.038404415,0,3.295908995,3.619360614,4.477009876,4.157666659
9.226968453,0,1.525975439,3.251798003,4.128624894,3.729094816
11.9169709,0,3.26788858,2.69881007,2.001581557,0.929250896
12.08948387,1,3.599545214,3.91198861,4.808477383,5.51450736
10.48775717,0,1.841365302,2.356498999,2.400173919,2.756058566
7.39013964,1,2.821536368,3.377370769,3.565375159,4.550830703
8.956585198,1,3.095012885,2.302903929,2.640953536,2.991340752
14.20634859,1,2.217137469,2.499591375,4.385507823,4.402629438
11.07037448,0,2.154138259,2.803633723,4.183012045,4.112598126
9.057163534,0,2.797932292,3.084711618,4.38284657,4.242381614
10.86276942,0,3.898421271,3.608329104,4.296866831,4.546119312
11.39909046,1,1.533043191,4.234107008,4.426978022,4.523839216
8.064960621,0,1.25220108,2.410486726,2.680698032,3.196734836
10.4685707,0,2.560908319,1.63457776,2.755648316,4.487112448
9.113460483,0,3.274798274,3.451554429,3.617547646,3.93444865
10.8845672,1,2.798210317,4.148870711,4.033158375,3.666709585
9.09265965,1,3.166171993,4.19538359,4.353787806,5.518037798
8.418174937,1,3.251200877,3.768270241,4.657283518,5.617021917
9.023106038,0,2.732652338,1.898846851,2.489431433,2.277090911
12.63214197,0,4.053146114,2.97232491,2.524446435,3.633181048
9.535412267,0,2.288066588,3.609358086,3.793625982,3.7808243
10.80749209,0,2.226484236,2.475723696,3.162245969,4.282507638
12.41888786,1,2.185580574,4.728222458,4.510548183,5.936168928
8.856376027,0,1.74652633,3.539400614,4.019780889,4.828196078
11.10289104,0,2.016110245,1.398129475,2.00974367,3.569538815
10.62282549,0,3.322000546,3.142405667,2.000346258,1.974521571
9.585713131,0,1.827548378,3.126924826,2.000763759,2.076929558
10.86991014,0,2.710506248,1.49295927,1.871127847,1.271886275
12.73562239,0,2.808805234,2.771536561,3.227697635,2.741439928
12.18492317,0,4.283401596,4.125700867,3.650146247,2.977491328
11.08034139,0,1.926643745,2.205839834,3.227482691,3.881622537
10.46297681,0,2.502781662,3.653091514,4.00990574,5.440093813
10.90216674,0,4.103127982,4.533753806,4.836214108,5.263213169
9.088012554,0,1.154977336,2.506863344,3.045657156,3.034812278
8.380121043,0,3.079618738,3.851548976,5.383402828,6.739099888
11.27475918,0,3.654811759,3.661765272,3.613684273,4.037450167
8.487176647,0,2.870358967,3.147869784,3.86479581,3.266978187
9.681356619,0,2.926744929,2.821274142,4.582325064,5.298495256
7.226401183,0,0.873345574,2.128709697,2.530814298,3.365384995
9.36899881,0,3.561802274,3.80164095,4.467492383,5.592535383
11.05823099,0,2.935364265,3.53094697,2.588442052,3.137955521
12.6433025,1,4.305538592,4.222502002,5.021095343,5.666749779
10.32482391,0,1.151876486,2.058713295,2.506885041,1.805829774
11.9687257,0,2.081379448,1.71814381,3.851117287,3.704605738
10.40474082,1,2.342201912,2.902227942,3.409523145,4.698852007
5.874880748,1,2.659563291,3.788491177,5.749208373,4.858918866
12.13331101,0,2.80507533,2.326861141,3.775163435,4.375498394
7.043304393,0,2.088419246,3.5684,3.037112394,2.983366432
10.11303195,1,3.681805753,3.768938017,4.476760692,5.425730467
7.015031183,0,2.005945169,2.952465745,2.665489628,2.31120396
9.75732913,0,2.213859947,3.21983738,1.591325013,2.006208413
9.577227609,0,3.076420568,2.681313062,3.005891309,3.459424657
12.96392489,1,1.726525804,3.077579132,5.009733859,6.065937066
11.04760093,0,3.351372765,2.963420353,3.940993221,4.412319151
9.121139151,0,1.430659764,2.360066188,3.253863555,3.723189722
11.2755714,1,3.216049816,4.641831735,4.08155744,5.268044998
10.36134449,1,3.63718545,3.184584846,3.117105607,3.684250973
12.28462649,1,3.062567768,4.022742482,3.763808773,4.625668544
7.756385622,0,2.420128035,2.723272626,1.691388327,2.966076364
11.22342692,1,1.959173353,2.479997836,2.583170411,3.421047907
13.2246564,0,2.746126151,4.035045568,4.105740893,3.732346073
9.290053593,0,1.129288663,1.916411887,4.050727424,4.687692395
10.80582739,0,2.508144992,3.701263664,4.006627658,2.754645343
14.79358138,1,3.934083284,4.634187137,5.648901957,7.374842603
8.649436558,1,2.930806756,2.463882325,3.98967759,4.244438922
8.609032113,0,3.354253444,2.287374668,3.356211598,3.624904656
7.108341625,0,2.006685849,2.446550675,2.333784048,2.757681666
9.360722692,0,2.491758506,3.807832286,3.467522961,4.892793568
8.601526052,0,1.708827464,2.189435352,2.234936736,2.908417412
11.37643968,0,2.466166774,1.943212135,3.256980615,3.847417524
8.47195449,0,1.551376107,2.402078451,2.516037327,2.01931387
8.060674856,1,2.556236058,3.834280737,3.517450988,4.920616901
11.31014851,0,3.322168893,3.648287143,3.528297075,3.840620517
11.94537524,1,3.68387558,3.569292687,4.689854238,5.179237145
12.4305252,1,3.550104493,4.880921556,5.507134628,7.682446877
9.711179327,1,2.172445964,3.387839548,3.243215534,3.187346517
12.13725713,1,2.792545457,3.565132604,3.815699364,4.707950313
7.540327049,0,2.352294623,3.845136533,4.711892513,4.274581663
10.32498589,0,1.011531862,1.134176483,1.749404637,2.515029327
12.08587723,1,4.172752468,4.603919485,5.282089689,6.250205625
11.85249796,1,2.243939932,2.836623053,3.507709573,3.223455803
12.46818707,1,2.755784279,4.215305712,5.551219563,6.328728487